{"completed_indices": [0, 1, 2, 3, 4, 5, 6, 7, 8, 9], "results": {"success": [0, 0, 0, 0, 0, 0, 0, 0, 0, 0], "osr": [1, 1, 0, 0, 0, 0, 1, 0, 0, 0], "ne": [121.75562213224858, 100.06795693119857, 97.82790388576475, 184.71817091096585, 119.92256565433196, 69.17477422688957, 310.9101365054478, 234.1235371178637, 169.96112763568019, 133.70923197125558], "spl": [0, 0, 0, 0, 0, 0, 0, 0, 0, 0]}}