{"completed_indices": [0, 1, 2, 3, 4, 5, 6, 7, 8, 9, 10, 11, 12, 13, 14, 15, 16, 17, 18, 19, 20, 21, 22, 23, 24, 25, 26, 27, 28, 29, 30, 31, 32, 33, 34, 35, 36, 37, 38, 39], "results": {"success": [0, 0, 0, 0, 0, 0, 0, 0, 0, 0, 0, 0, 0, 0, 0, 0, 0, 0, 0, 0, 0, 0, 0, 0, 0, 0, 0, 0, 0, 0, 0, 0, 0, 0, 0, 0, 0, 0, 0, 0], "osr": [1, 1, 0, 0, 0, 0, 1, 1, 0, 0, 1, 1, 1, 0, 0, 0, 0, 0, 1, 1, 0, 0, 1, 1, 1, 0, 0, 1, 1, 1, 0, 0, 1, 1, 1, 1, 0, 0, 1, 0], "ne": [121.75562213224858, 381.1744183147506, 97.82790388576475, 118.39230484541328, 123.54456121067413, 95.96044319866918, 260.3914717039076, 171.8300382423312, 92.78087751021948, 76.47466120978567, 242.84267800082284, 182.99999999999983, 124.9230617858049, 103.03794868500714, 34.709567141211195, 81.19719081026815, 78.24384463200897, 155.2251452787595, 211.69274113355098, 249.66662122341708, 184.06130270279587, 158.83685219678432, 370.1588686057048, 167.5297684219779, 160.18719349499253, 38.8009891583371, 54.756241186459796, 207.00000000000003, 176.16933887751773, 42.474111721651504, 29.709208519094883, 190.09954807861936, 200.99999999999767, 24.230386991559946, 168.571879568904, 137.91847228090833, 141.19099006512204, 99.74075608132802, 196.69922672445293, 103.82328110289407], "spl": [0, 0, 0, 0, 0, 0, 0, 0, 0, 0, 0, 0, 0, 0, 0, 0, 0, 0, 0, 0, 0, 0, 0, 0, 0, 0, 0, 0, 0, 0, 0, 0, 0, 0, 0, 0, 0, 0, 0, 0]}}